"idIngredient","nameIngredient","urlPicture"
"0","cube de bouillon","https://assets.afcdn.com/recipe/20230303/140910_w120h120c1cx270cy270cxb540cyb540.webp"
"1","carotte","https://assets.afcdn.com/recipe/20170607/67370_w120h120c1cx350cy350.webp"
"2","oignon jaune","https://assets.afcdn.com/recipe/20170621/68940_w120h120c1cxb300cyb300.webp"
"3","crème fraîche","https://assets.afcdn.com/recipe/20170607/67763_w120h120c1cx350cy350.webp"
"4","farine","https://assets.afcdn.com/recipe/20170607/67682_w120h120c1cx350cy350.webp"
"5","sel","https://assets.afcdn.com/recipe/20170607/67687_w120h120c1cx350cy350.webp"
"6","poivre","https://assets.afcdn.com/recipe/20170607/67563_w120h120c1cx350cy350.webp"
"7","blanquette de veau","https://assets.afcdn.com/recipe/20171201/75710_w120h120c1cx2500cy1572cxb5000cyb3144.webp"
"8","bouillon de poule","https://assets.afcdn.com/recipe/20170621/68969_w120h120c1cxb700cyb700.webp"
"9","champignon","https://assets.afcdn.com/recipe/20170607/67739_w120h120c1cx350cy350.webp"
"10","citron","https://assets.afcdn.com/recipe/20170607/67457_w120h120c1cx350cy350.webp"
"11","jaune d'oeuf","https://assets.afcdn.com/recipe/20171128/75634_w120h120c1cx1250cy1250cxb2500cyb2500.webp"
"12","vin blanc","https://assets.afcdn.com/recipe/20170607/67771_w120h120c1cx350cy350.webp"
"13","lasagnes","https://assets.afcdn.com/recipe/20170607/67588_w120h120c1cx350cy350.webp"
"14","purée de tomate","https://assets.afcdn.com/recipe/20181023/83358_w120h120c1cx1000cy1000cxb2000cyb2000.webp"
"15","feuille de laurier","https://assets.afcdn.com/recipe/20170621/68932_w120h120c1cxb700cyb700.webp"
"16","thym","https://assets.afcdn.com/recipe/20170607/67735_w120h120c1cx350cy350.webp"
"17","fromage râpé","https://assets.afcdn.com/recipe/20170607/67732_w120h120c1cx1484cy1346.webp"
"18","beurre","https://assets.afcdn.com/recipe/20201201/115998_w120h120c1cx912cy821cxb1824cyb1643.webp"
"19","ail","https://assets.afcdn.com/recipe/20170607/67514_w120h120c1cx350cy350.webp"
"20","céleri","https://assets.afcdn.com/recipe/20170607/67731_w120h120c1cx350cy350.webp"
"21","boeuf haché","https://assets.afcdn.com/recipe/20170607/67692_w120h120c1cx350cy350.webp"
"22","eau","https://assets.afcdn.com/recipe/20190308/88958_w120h120c1cx150cy150cxb300cyb300.webp"
"23","vin rouge","https://assets.afcdn.com/recipe/20170607/67416_w120h120c1cx350cy350.webp"
"24","basilic","https://assets.afcdn.com/recipe/20170607/67553_w120h120c1cx350cy350.webp"
"25","muscade","https://assets.afcdn.com/recipe/20170607/67662_w120h120c1cx350cy350.webp"
"26","Parmesan","https://assets.afcdn.com/recipe/20170607/67344_w120h120c1cx350cy350.webp"
"27","lait","https://assets.afcdn.com/recipe/20170607/67388_w120h120c1cx350cy350.webp"
"28","aubergine","https://assets.afcdn.com/recipe/20170607/67479_w120h120c1cx350cy350.webp"
"29","tomate","https://assets.afcdn.com/recipe/20170607/67459_w120h120c1cx350cy350.webp"
"30","oignon","https://assets.afcdn.com/recipe/20170607/67621_w120h120c1cx350cy350.webp"
"31","huile d'olive","https://assets.afcdn.com/recipe/20220114/127365_w120h120c1cx411cy411cxb822cyb822.webp"
"32","miel","https://assets.afcdn.com/recipe/20170607/67597_w120h120c1cx350cy350.webp"
"33","pomme de terre","https://assets.afcdn.com/recipe/20170607/67419_w120h120c1cx350cy350.webp"
"34","cannelle","https://assets.afcdn.com/recipe/20170607/67747_w120h120c1cx350cy350.webp"
"35","sucre","https://assets.afcdn.com/recipe/20170607/67691_w120h120c1cx350cy350.webp"
"36","levure chimique","https://assets.afcdn.com/recipe/20170607/67355_w120h120c1cx350cy350.webp"
"37","oeuf","https://assets.afcdn.com/recipe/20220126/128066_w120h120c1cx1140cy1140cxb2280cyb2280.webp"
"38","crème liquide","https://assets.afcdn.com/recipe/20170607/67338_w120h120c1cx350cy350.webp"
"39","chocolat noir","https://assets.afcdn.com/recipe/20181227/85156_w120h120c1cx1200cy1200cxb2400cyb2400.webp"
"40","sucre semoule","https://assets.afcdn.com/recipe/20170621/68916_w120h120c1cxb700cyb700.webp"
"41","beurre doux","https://assets.afcdn.com/recipe/20201201/116000_w120h120c1cx912cy821cxb1824cyb1643.webp"
"42","sucre vanillé","https://assets.afcdn.com/recipe/20170607/67644_w120h120c1cx350cy350.webp"
"43","orange","https://assets.afcdn.com/recipe/20170607/67729_w120h120c1cx350cy350.webp"
"44","riz blanc","https://assets.afcdn.com/recipe/20170621/68967_w120h120c1cxb700cyb700.webp"
"45","courgette","https://assets.afcdn.com/recipe/20170607/67437_w120h120c1cx350cy262.webp"
"46","gruyère râpé","https://assets.afcdn.com/recipe/20170607/67500_w120h120c1cx350cy350.webp"
"47","sucre roux","https://assets.afcdn.com/recipe/20170607/67530_w120h120c1cx350cy350.webp"
"48","biscuits à la cuillère","https://assets.afcdn.com/recipe/20230328/141650_w120h120c1cx1600cy1600cxb3200cyb3200.webp"
"49","cacao amer","https://assets.afcdn.com/recipe/20170607/67774_w120h120c1cx350cy350.webp"
"50","mascarpone","https://assets.afcdn.com/recipe/20170607/67742_w120h120c1cx350cy350.webp"
"51","café","https://assets.afcdn.com/recipe/20170607/67609_w120h120c1cx350cy350.webp"
"52","farine de blé","https://assets.afcdn.com/recipe/20170621/69041_w120h120c1cxb300cyb300.webp"
"53","pomme","https://assets.afcdn.com/recipe/20170607/67365_w120h120c1cx350cy350.webp"
"54","cassonade","https://assets.afcdn.com/recipe/20170607/67379_w120h120c1cx350cy350.webp"
"55","dés de jambon","https://assets.afcdn.com/recipe/20170607/67738_w120h120c1cx350cy350.webp"
"56","cuisse de canard","https://assets.afcdn.com/recipe/20170621/69017_w120h120c1cxb700cyb700.webp"
"57","échalote","https://assets.afcdn.com/recipe/20170607/67402_w120h120c1cx3008cy2000.webp"
"58","levure","https://assets.afcdn.com/recipe/20170607/67565_w120h120c1cx350cy350.webp"
"59","vanille","https://assets.afcdn.com/recipe/20170607/67724_w120h120c1cx350cy350.webp"
"60","blanc d'oeuf","https://assets.afcdn.com/recipe/20171128/75633_w120h120c1cx1744cy1466cxb3488cyb2932.webp"
"61","aneth","https://assets.afcdn.com/recipe/20170607/67431_w120h120c1cx350cy350.webp"
"62","saumon fumé","https://assets.afcdn.com/recipe/20170607/67460_w120h120c1cx350cy350.webp"
"63","crème fraîche épaisse","https://assets.afcdn.com/recipe/20170619/68883_w120h120c1cxb700cyb700.webp"
"64","menthe","https://assets.afcdn.com/recipe/20170607/67345_w120h120c1cx2478cy1620.webp"
"65","pâte feuilletée","https://assets.afcdn.com/recipe/20221207/138284_w120h120c1cx287cy287cxb574cyb574.webp"
"66","filet mignon","https://assets.afcdn.com/recipe/20170607/67706_w120h120c1cx350cy350.webp"
"67","jambon blanc","https://assets.afcdn.com/recipe/20170607/67392_w120h120c1cx350cy350.webp"
"68","huile","https://assets.afcdn.com/recipe/20220117/127496_w120h120c1cx411cy411cxb822cyb822.webp"
"69","sucre en poudre","https://assets.afcdn.com/recipe/20170607/67377_w120h120c1cx350cy350.webp"
"70","anis","https://assets.afcdn.com/recipe/20170607/67406_w120h120c1cx1402cy918.webp"
"71","gingembre","https://assets.afcdn.com/recipe/20170607/67668_w120h120c1cx350cy350.webp"
"72","quatre-épices","https://assets.afcdn.com/recipe/20170607/67508_w120h120c1cx350cy350.webp"
"73","pâte brisée","https://assets.afcdn.com/recipe/20221207/138285_w120h120c1cx287cy287cxb574cyb574.webp"
"74","sauté de veau","https://assets.afcdn.com/recipe/20210114/117257_w120h120c1cx866cy866cxb1732cyb1732.webp"
"75","pulpe de tomate","https://assets.afcdn.com/recipe/20170607/67376_w120h120c1cx350cy350.webp"
"76","chorizo","https://assets.afcdn.com/recipe/20170607/67539_w120h120c1cx350cy350.webp"
"77","olives vertes","https://assets.afcdn.com/recipe/20170607/67566_w120h120c1cx350cy350.webp"
"78","bouquet garni","https://assets.afcdn.com/recipe/20170607/67407_w120h120c1cx350cy350.webp"
"79","purée","https://assets.afcdn.com/recipe/20170621/69141_w120h120c1cxb700cyb700.webp"
"80","viande hachée","https://assets.afcdn.com/recipe/20170607/67611_w120h120c1cx350cy350.webp"
"81","herbes de Provence","https://assets.afcdn.com/recipe/20170607/67728_w120h120c1cx2144cy1424.webp"
"82","crème","https://assets.afcdn.com/recipe/20170607/67440_w120h120c1cx350cy350.webp"
"83","lardons","https://assets.afcdn.com/recipe/20170607/67383_w120h120c1cx350cy350.webp"
"84","boeuf","https://assets.afcdn.com/recipe/20170607/67515_w120h120c1cx350cy350.webp"
"85","champignons de Paris","https://assets.afcdn.com/recipe/20170621/68980_w120h120c1cxb700cyb700.webp"
"86","chocolat pâtissier","https://assets.afcdn.com/recipe/20181227/85157_w120h120c1cx1200cy1200cxb2400cyb2400.webp"
"87","amandes en poudre","https://assets.afcdn.com/recipe/20170607/67694_w120h120c1cx2056cy1512.webp"
"88","yaourt","https://assets.afcdn.com/recipe/20170607/67473_w120h120c1cx350cy350.webp"
"89","gélatine","https://assets.afcdn.com/recipe/20170607/67647_w120h120c1cx350cy350.webp"
"90","crème fraîche liquide","https://assets.afcdn.com/recipe/20170621/68925_w120h120c1cxb700cyb700.webp"
"91","tomates concassées","https://assets.afcdn.com/recipe/20170607/67560_w120h120c1cx350cy350.webp"
"92","jarret de veau","https://assets.afcdn.com/recipe/20170621/69077_w120h120c1cxb700cyb700.webp"
"93","vin blanc sec","https://assets.afcdn.com/recipe/20170607/67422_w120h120c1cx350cy350.webp"
"94","maroilles","https://assets.afcdn.com/recipe/20170607/67531_w120h120c1cx350cy350.webp"
"95","chili","https://assets.afcdn.com/recipe/20170607/67646_w120h120c1cx350cy350.webp"
"96","cumin en poudre","https://assets.afcdn.com/recipe/20170621/69021_w120h120c1cxb700cyb700.webp"
"97","haricots rouges","https://assets.afcdn.com/recipe/20170607/67674_w120h120c1cx350cy350.webp"
"98","bouillon de boeuf","https://assets.afcdn.com/recipe/20170621/68971_w120h120c1cxb700cyb700.webp"
"99","persil","https://assets.afcdn.com/recipe/20170607/67650_w120h120c1cx350cy350.webp"
"100","concentré de tomates","https://assets.afcdn.com/recipe/20170607/67606_w120h120c1cx350cy350.webp"
"101","curry","https://assets.afcdn.com/recipe/20170607/67368_w120h120c1cx350cy350.webp"
"102","Alcool","https://assets.afcdn.com/recipe/20210224/118146_w120h120c1cx1787cy2130cxb3574cyb4261.webp"
"103","pralin","https://assets.afcdn.com/recipe/20230102/139034_w120h120c1cx411cy411cxb822cyb822.webp"
"104","pralinoise","https://assets.afcdn.com/recipe/20100101/ingredient_default_w120h120c1.webp"
"105","crêpe dentelle","https://assets.afcdn.com/recipe/20221206/138227_w120h120c1cx621cy650cxb1242cyb1300.webp"
"106","poudre de noisette","https://assets.afcdn.com/recipe/20170607/67519_w120h120c1cx350cy350.webp"
"107","moutarde de Dijon","https://assets.afcdn.com/recipe/20170621/69095_w120h120c1cxb700cyb700.webp"
"108","rôti de porc","https://assets.afcdn.com/recipe/20180213/77543_w120h120c1cx2350cy2350cxb4700cyb4700.webp"
"109","crème fraîche allégée","https://assets.afcdn.com/recipe/20170621/68926_w120h120c1cxb700cyb700.webp"
"110","bouillon de légumes","https://assets.afcdn.com/recipe/20230303/140911_w120h120c1cx270cy270cxb540cyb540.webp"
"111","moutarde","https://assets.afcdn.com/recipe/20171121/75409_w120h120c1cx350cy350cxb700cyb700.webp"
"112","spéculoos","https://assets.afcdn.com/recipe/20170607/67424_w120h120c1cx350cy350.webp"
"113","amaretto","https://assets.afcdn.com/recipe/20170621/68951_w120h120c1cxb700cyb700.webp"
"114","cacao","https://assets.afcdn.com/recipe/20170607/67369_w120h120c1cx350cy350.webp"
"115","thon","https://assets.afcdn.com/recipe/20170607/67518_w120h120c1cx350cy350.webp"
"116","merguez","https://assets.afcdn.com/recipe/20170607/67395_w120h120c1cx350cy350.webp"
"117","harissa","https://assets.afcdn.com/recipe/20170607/67510_w120h120c1cx350cy350.webp"
"118","pois chiches","https://assets.afcdn.com/recipe/20170621/69132_w120h120c1cxb700cyb700.webp"
"119","pilon de poulet","https://assets.afcdn.com/recipe/20170621/69122_w120h120c1cxb700cyb700.webp"
"120","épices à couscous","https://assets.afcdn.com/recipe/20210118/117379_w120h120c1cx866cy866cxb1732cyb1732.webp"
"121","navet","https://assets.afcdn.com/recipe/20170607/67703_w120h120c1cx350cy350.webp"
"122","rhum","https://assets.afcdn.com/recipe/20170607/67743_w120h120c1cx350cy350.webp"
"123","bouillon","https://assets.afcdn.com/recipe/20230303/140912_w120h120c1cx270cy270cxb540cyb540.webp"
"124","sucre de canne","https://assets.afcdn.com/recipe/20170621/68913_w120h120c1cxb700cyb700.webp"
"125","chocolat","https://assets.afcdn.com/recipe/20200121/106791_w120h120c1cx1754cy1754cxb3509cyb3509.webp"
"126","fond de veau","https://assets.afcdn.com/recipe/20170607/67741_w120h120c1cx350cy350.webp"
"127","vinaigre balsamique","https://assets.afcdn.com/recipe/20170607/67527_w120h120c1cx350cy350.webp"
"128","paupiette de veau","https://assets.afcdn.com/recipe/20190304/88730_w120h120c1cx150cy150cxb300cyb300.webp"
"129","sucre glace","https://assets.afcdn.com/recipe/20170607/67532_w120h120c1cx350cy350.webp"
"130","maïzena","https://assets.afcdn.com/recipe/20170607/67578_w120h120c1cx350cy350.webp"
"131","huile de colza","https://assets.afcdn.com/recipe/20170621/68933_w120h120c1cxb700cyb700.webp"
"132","beurre tendre","https://assets.afcdn.com/recipe/20170621/68920_w120h120c1cxb300cyb300.webp"
"133","poire","https://assets.afcdn.com/recipe/20170607/67498_w120h120c1cx350cy350.webp"
"134","lard fumé","https://assets.afcdn.com/recipe/20170607/67756_w120h120c1cx350cy350.webp"
"135","pain d'épices","https://assets.afcdn.com/recipe/20170607/67712_w120h120c1cx350cy350.webp"
"136","bière brune","https://assets.afcdn.com/recipe/20170607/67552_w120h120c1cx350cy350.webp"
"137","endive","https://assets.afcdn.com/recipe/20170607/67408_w120h120c1cx350cy350.webp"
"138","crottin de Chavignol","https://assets.afcdn.com/recipe/20170623/69238_w120h120c1cxb2768cyb2408.webp"
"139","clou de girofle","https://assets.afcdn.com/recipe/20170607/67585_w120h120c1cx1335cy864.webp"
"140","noix","https://assets.afcdn.com/recipe/20170607/67764_w120h120c1cx350cy350.webp"
"141","noix de coco","https://assets.afcdn.com/recipe/20170607/67656_w120h120c1cx350cy350.webp"
"142","écorce d'orange","https://assets.afcdn.com/recipe/20170621/69028_w120h120c1cxb700cyb700.webp"
"143","noisettes","https://assets.afcdn.com/recipe/20170607/67496_w120h120c1cx350cy350.webp"
"144","amandes","https://assets.afcdn.com/recipe/20170607/67684_w120h120c1cx350cy350.webp"
"145","liqueur d'amande","https://assets.afcdn.com/recipe/20170621/68949_w120h120c1cxb700cyb700.webp"
"146","poireau","https://assets.afcdn.com/recipe/20170607/67489_w120h120c1cx350cy350.webp"
"147","poivron","https://assets.afcdn.com/recipe/20170607/67464_w120h120c1cx350cy350.webp"
"148","lait demi-écrémé","https://assets.afcdn.com/recipe/20170607/67593_w120h120c1cx350cy350.webp"
"149","porto","https://assets.afcdn.com/recipe/20170718/70392_w120h120c1cxb700cyb700.webp"
"150","olives noires","https://assets.afcdn.com/recipe/20170607/67688_w120h120c1cx350cy350.webp"
"151","crevette rose","https://assets.afcdn.com/recipe/20230919/145407_w120h120c1cx250cy250cxb500cyb500.webp"
"152","jambon","https://assets.afcdn.com/recipe/20170607/67343_w120h120c1cx350cy350.webp"
"153","banane","https://assets.afcdn.com/recipe/20170607/67637_w120h120c1cx350cy350.webp"
"154","potimarron","https://assets.afcdn.com/recipe/20170607/67353_w120h120c1cx350cy350.webp"
"155","lapin","https://assets.afcdn.com/recipe/20170607/67616_w120h120c1cx350cy350.webp"
"156","filet de poulet","https://assets.afcdn.com/recipe/20170607/67699_w120h120c1cx350cy350.webp"
"157","sauce soja","https://assets.afcdn.com/recipe/20170607/67466_w120h120c1cx350cy350.webp"
"158","ciboulette","https://assets.afcdn.com/recipe/20170607/67695_w120h120c1cx350cy350.webp"
"159","extrait d'amande amère","https://assets.afcdn.com/recipe/20170621/68946_w120h120c1cxb700cyb700.webp"
"160","fèves","https://assets.afcdn.com/recipe/20170607/67507_w120h120c1cx350cy350.webp"
"161","grand-marnier","https://assets.afcdn.com/recipe/20100101/ingredient_default_w120h120c1.webp"
"162","sirop de sucre de canne","https://assets.afcdn.com/recipe/20100101/ingredient_default_w120h120c1.webp"
"163","pain de mie","https://assets.afcdn.com/recipe/20230329/141687_w120h120c1cx900cy900cxb1800cyb1800.webp"
"164","calvados","https://assets.afcdn.com/recipe/20170607/67542_w120h120c1cx350cy525.webp"
"165","Magret de canard fumé","https://assets.afcdn.com/recipe/20180116/76803_w120h120c1cx2750cy2750cxb5500cyb5500.webp"
"166","Foie gras","https://assets.afcdn.com/recipe/20170607/67410_w120h120c1cx350cy350.webp"
"167","cumin","https://assets.afcdn.com/recipe/20170607/67483_w120h120c1cx350cy350.webp"
"168","coriandre","https://assets.afcdn.com/recipe/20170607/67770_w120h120c1cx350cy350.webp"
"169","raisins secs","https://assets.afcdn.com/recipe/20170607/67608_w120h120c1cx1541cy1030.webp"
"170","jus de citron","https://assets.afcdn.com/recipe/20220404/130682_w120h120c1cx241cy362cxb483cyb724.webp"
"171","paleron","https://assets.afcdn.com/recipe/20210225/118183_w120h120c1cx537cy536cxb1074cyb1072.webp"
"172","lard","https://assets.afcdn.com/recipe/20170607/67645_w120h120c1cx350cy350.webp"
"173","matière grasse","https://assets.afcdn.com/recipe/20100101/ingredient_default_w120h120c1.webp"
"174","laurier","https://assets.afcdn.com/recipe/20170607/67707_w120h120c1cx350cy350.webp"
"175","sauge","https://assets.afcdn.com/recipe/20170607/67354_w120h120c1cx350cy350.webp"
"176","pâte sablée","https://assets.afcdn.com/recipe/20170607/67493_w120h120c1cx350cy350.webp"
"177","sucre fin","https://assets.afcdn.com/recipe/20170621/68915_w120h120c1cxb700cyb700.webp"
"178","framboises","https://assets.afcdn.com/recipe/20170607/67401_w120h120c1cx350cy350.webp"
"179","butternut","https://assets.afcdn.com/recipe/20170621/68974_w120h120c1cxb700cyb700.webp"
"180","fromage blanc","https://assets.afcdn.com/recipe/20170607/67744_w120h120c1cx350cy350.webp"
"181","jus d'orange","https://assets.afcdn.com/recipe/20170621/69080_w120h120c1cxb700cyb700.webp"
"182","pêche","https://assets.afcdn.com/recipe/20170607/67708_w120h120c1cx3000cy2600.webp"
"183","saumon frais","https://assets.afcdn.com/recipe/20230919/145408_w120h120c1cx250cy250cxb500cyb500.webp"
"184","tomates cerise","https://assets.afcdn.com/recipe/20170607/67652_w120h120c1cx350cy350.webp"
"185","miel liquide","https://assets.afcdn.com/recipe/20170607/67414_w120h120c1cx350cy350.webp"
"186","épaule de veau","https://assets.afcdn.com/recipe/20210225/118191_w120h120c1cx647cy649cxb1294cyb1298.webp"
"187","blanc de poulet","https://assets.afcdn.com/recipe/20180315/77988_w120h120c1cx2550cy2550cxb5100cyb5100.webp"
"188","estragon","https://assets.afcdn.com/recipe/20170607/67546_w120h120c1cx350cy350.webp"
"189","crème épaisse","https://assets.afcdn.com/recipe/20170619/68884_w120h120c1cxb700cyb700.webp"
"190","sucre brun","https://assets.afcdn.com/recipe/20100101/ingredient_default_w120h120c1.webp"
"191","cerises","https://assets.afcdn.com/recipe/20170607/67491_w120h120c1cx350cy350.webp"
"192","crème dessert au chocolat","https://assets.afcdn.com/recipe/20180823/81882_w120h120c1cx2000cy2000cxb4000cyb4000.webp"
"193","rhubarbe","https://assets.afcdn.com/recipe/20170607/67547_w120h120c1cx350cy350.webp"
"194","bouillon de volaille","https://assets.afcdn.com/recipe/20170607/67586_w120h120c1cx350cy350.webp"
"195","escalope de poulet","https://assets.afcdn.com/recipe/20180315/77989_w120h120c1cx2550cy2550cxb5100cyb5100.webp"
"196","patate douce","https://assets.afcdn.com/recipe/20170607/67689_w120h120c1cx350cy350.webp"
"197","cognac","https://assets.afcdn.com/recipe/20170607/67612_w120h120c1cx350cy350.webp"
"198","lardons fumés","https://assets.afcdn.com/recipe/20170607/67477_w120h120c1cx350cy350.webp"
"199","noix de coco rapée","https://assets.afcdn.com/recipe/20170607/67634_w120h120c1cx350cy350.webp"
"200","pain","https://assets.afcdn.com/recipe/20170607/67639_w120h120c1cx350cy350.webp"
"201","levure de boulanger fraîche","https://assets.afcdn.com/recipe/20181226/85091_w120h120c1cx1466cy1466cxb2932cyb2932.webp"
"202","fécule de pomme de terre","https://assets.afcdn.com/recipe/20170607/67389_w120h120c1cx350cy350.webp"
"203","fromage de chèvre","https://assets.afcdn.com/recipe/20170607/67447_w120h120c1cx350cy350.webp"
"204","biscuit","https://assets.afcdn.com/recipe/20170607/67750_w120h120c1cx350cy350.webp"
"205","palets bretons","https://assets.afcdn.com/recipe/20170621/69113_w120h120c1cxb700cyb700.webp"
"206","cigarette russe","https://assets.afcdn.com/recipe/20170623/69231_w120h120c1cxb700cyb700.webp"
"207","petit beurre","https://assets.afcdn.com/recipe/20170607/67580_w120h120c1cx350cy350.webp"
"208","Paille d'Or","https://assets.afcdn.com/recipe/20100101/ingredient_default_w120h120c1.webp"
"209","dragibus (bonbons)","https://assets.afcdn.com/recipe/20100101/ingredient_default_w120h120c1.webp"
"210","gâteaux","https://assets.afcdn.com/recipe/20100101/ingredient_default_w120h120c1.webp"
"211","poulet","https://assets.afcdn.com/recipe/20170607/67769_w120h120c1cx350cy350.webp"
"212","cerneau de noix","https://assets.afcdn.com/recipe/20170621/69102_w120h120c1cxb700cyb700.webp"
"213","girofle","https://assets.afcdn.com/recipe/20170607/67529_w120h120c1cx350cy350.webp"
"214","fraises","https://assets.afcdn.com/recipe/20170607/67613_w120h120c1cx350cy350.webp"
"215","tagliatelles","https://assets.afcdn.com/recipe/20170621/69175_w120h120c1cxb700cyb700.webp"
"216","glaçons","https://assets.afcdn.com/recipe/20170621/69058_w120h120c1cxb700cyb700.webp"
"217","bourguignon","https://assets.afcdn.com/recipe/20171227/76275_w120h120c1cx2736cy1824cxb5472cyb3648.webp"
"218","reblochon","https://assets.afcdn.com/recipe/20170607/67516_w120h120c1cx350cy350.webp"
"219","crème de marrons","https://assets.afcdn.com/recipe/20170607/67428_w120h120c1cx350cy350.webp"
"220","tomates pelées","https://assets.afcdn.com/recipe/20170607/67551_w120h120c1cx350cy350.webp"
"221","bicarbonate","https://assets.afcdn.com/recipe/20170607/67615_w120h120c1cx350cy350.webp"
"222","saumon","https://assets.afcdn.com/recipe/20230906/145186_w120h120c1cx250cy250cxb500cyb500.webp"
"223","mozzarella","https://assets.afcdn.com/recipe/20170607/67396_w120h120c1cx2027cy2027.webp"
"224","flocons d'avoine","https://assets.afcdn.com/recipe/20170621/69046_w120h120c1cxb700cyb700.webp"
"225","margarine","https://assets.afcdn.com/recipe/20170607/67587_w120h120c1cx350cy350.webp"
"226","safran","https://assets.afcdn.com/recipe/20170607/67372_w120h120c1cx350cy350.webp"
"227","cuisse de poulet","https://assets.afcdn.com/recipe/20170607/67722_w120h120c1cx350cy350.webp"
"228","paprika","https://assets.afcdn.com/recipe/20170607/67557_w120h120c1cx350cy350.webp"
"229","mélange 4 épices","https://assets.afcdn.com/recipe/20170621/69054_w120h120c1cxb300cyb300.webp"
"230","oeufs de saumon","https://assets.afcdn.com/recipe/20170621/69106_w120h120c1cxb700cyb700.webp"
"231","maïs","https://assets.afcdn.com/recipe/20170607/67748_w120h120c1cx350cy350.webp"
"232","avocat","https://assets.afcdn.com/recipe/20170607/67382_w120h120c1cx350cy350.webp"
"233","surimi","https://assets.afcdn.com/recipe/20170607/67373_w120h120c1cx350cy350.webp"
"234","carré frais","https://assets.afcdn.com/recipe/20170607/67572_w120h120c1cx350cy350.webp"
"235","crème fleurette","https://assets.afcdn.com/recipe/20170621/68923_w120h120c1cxb700cyb700.webp"
"236","couteau","https://assets.afcdn.com/recipe/20170607/67506_w120h120c1cx350cy350.webp"
"237","coulis de fruits rouges","https://assets.afcdn.com/recipe/20210224/118164_w120h120c1cx295cy295cxb591cyb591.webp"
"238","basilic frais","https://assets.afcdn.com/recipe/20170621/68938_w120h120c1cxb700cyb700.webp"
"239","coulis de tomate","https://assets.afcdn.com/recipe/20170607/67657_w120h120c1cx350cy350.webp"
"240","béchamel","https://assets.afcdn.com/recipe/20180213/77537_w120h120c1cx1850cy1850cxb3700cyb3700.webp"
"241","miel d'acacia","https://assets.afcdn.com/recipe/20170621/69091_w120h120c1cxb700cyb700.webp"
"242","pistaches","https://assets.afcdn.com/recipe/20170607/67716_w120h120c1cx350cy350.webp"
"243","fixe chantilly","https://assets.afcdn.com/recipe/20100101/ingredient_default_w120h120c1.webp"
"244","schnaps","https://assets.afcdn.com/recipe/20100101/ingredient_default_w120h120c1.webp"
"245","piment","https://assets.afcdn.com/recipe/20170607/67581_w120h120c1cx261cy261.webp"
"246","épices","https://assets.afcdn.com/recipe/20210316/118620_w120h120c1cx866cy866cxb1732cyb1732.webp"
"247","selle d'agneau","https://assets.afcdn.com/recipe/20100101/ingredient_default_w120h120c1.webp"
"248","citron vert","https://assets.afcdn.com/recipe/20170607/67725_w120h120c1cx350cy350.webp"
"249","bière","https://assets.afcdn.com/recipe/20170607/67698_w120h120c1cx350cy350.webp"
"250","joue de porc","https://assets.afcdn.com/recipe/20100101/ingredient_default_w120h120c1.webp"
"251","yaourt nature","https://assets.afcdn.com/recipe/20170607/67499_w120h120c1cx350cy350.webp"
"252","extrait de vanille","https://assets.afcdn.com/recipe/20170621/68936_w120h120c1cxb700cyb700.webp"
"253","amandes effilées","https://assets.afcdn.com/recipe/20181018/83298_w120h120c1cx1900cy1900cxb3800cyb3800.webp"
"254","emmental","https://assets.afcdn.com/recipe/20170607/67601_w120h120c1cx350cy350.webp"
"255","pâtes à lasagnes","https://assets.afcdn.com/recipe/20170621/69010_w120h120c1cxb700cyb700.webp"
"256","sauce bolognaise","https://assets.afcdn.com/recipe/20170621/69160_w120h120c1cxb700cyb700.webp"
"257","caille","https://assets.afcdn.com/recipe/20170607/67362_w120h120c1cx350cy350.webp"
"258","gros sel","https://assets.afcdn.com/recipe/20170607/67497_w120h120c1cx350cy350.webp"
"259","petit os de veau","https://assets.afcdn.com/recipe/20100101/ingredient_default_w120h120c1.webp"
"260","potiron","https://assets.afcdn.com/recipe/20170607/67669_w120h120c1cx350cy350.webp"
"261","lieu noir","https://assets.afcdn.com/recipe/20170607/67607_w120h120c1cx2808cy1872.webp"
"262","riz pour risotto","https://assets.afcdn.com/recipe/20170621/69153_w120h120c1cxb300cyb300.webp"
"263","parmesan râpé","https://assets.afcdn.com/recipe/20170607/67737_w120h120c1cx350cy350.webp"
"264","bûche de chèvre","https://assets.afcdn.com/recipe/20170607/67352_w120h120c1cx350cy350.webp"
"265","pruneau","https://assets.afcdn.com/recipe/20220901/134719_w120h120c1cx1060cy706cxb2121cyb1413.webp"
"266","thé","https://assets.afcdn.com/recipe/20170607/67435_w120h120c1cx350cy350.webp"
"267","épaule d'agneau","https://assets.afcdn.com/recipe/20170626/69252_w120h120c1cxb4752cyb3168.webp"
"268","gruyère","https://assets.afcdn.com/recipe/20170607/67538_w120h120c1cx350cy350.webp"
"269","jambon fumé","https://assets.afcdn.com/recipe/20170607/67351_w120h120c1cx350cy350.webp"
"270","Apremont","https://assets.afcdn.com/recipe/20100101/ingredient_default_w120h120c1.webp"
"271","viande","https://assets.afcdn.com/recipe/20170607/67442_w120h120c1cx350cy350.webp"
"272","chou","https://assets.afcdn.com/recipe/20170607/67685_w120h120c1cx350cy350.webp"
"273","chair à saucisse","https://assets.afcdn.com/recipe/20170607/67445_w120h120c1cx1657cy1145.webp"
"274","Condiments","https://assets.afcdn.com/recipe/20100101/ingredient_default_w120h120c1.webp"
"275","courge","https://assets.afcdn.com/recipe/20170607/67583_w120h120c1cx350cy350.webp"
"276","poitrine fumée","https://assets.afcdn.com/recipe/20170607/67393_w120h120c1cx350cy350.webp"
"277","herbes","https://assets.afcdn.com/recipe/20180720/81527_w120h120c1cx2400cy2400cxb4800cyb4800.webp"
"278","pignons","https://assets.afcdn.com/recipe/20170607/67441_w120h120c1cx350cy350.webp"
"279","asperge","https://assets.afcdn.com/recipe/20170607/67425_w120h120c1cx350cy350.webp"
"280","poivre blanc","https://assets.afcdn.com/recipe/20170607/67469_w120h120c1cx350cy350.webp"
"281","boudoir","https://assets.afcdn.com/recipe/20170607/67509_w120h120c1cx350cy350.webp"
"282","sucre en grain","https://assets.afcdn.com/recipe/20100101/ingredient_default_w120h120c1.webp"
"283","curcuma","https://assets.afcdn.com/recipe/20170607/67617_w120h120c1cx350cy350.webp"
"284","saucisse","https://assets.afcdn.com/recipe/20170607/67535_w120h120c1cx350cy350.webp"
"285","alcool de poire","https://assets.afcdn.com/recipe/20100101/ingredient_default_w120h120c1.webp"
"286","beurre salé","https://assets.afcdn.com/recipe/20201201/116001_w120h120c1cx912cy821cxb1824cyb1643.webp"
"287","poivron rouge","https://assets.afcdn.com/recipe/20170607/67754_w120h120c1cx350cy350.webp"
"288","poivron vert","https://assets.afcdn.com/recipe/20180404/78364_w120h120c1cx3432cy3432cxb6864cyb6864.webp"
"289","poivron jaune","https://assets.afcdn.com/recipe/20171113/74916_w120h120c1cx1000cy1070cxb2000cyb2140.webp"
"290","petits pois","https://assets.afcdn.com/recipe/20170607/67733_w120h120c1cx350cy350.webp"
"291","riz","https://assets.afcdn.com/recipe/20170607/67667_w120h120c1cx350cy350.webp"
"292","haricots coco","https://assets.afcdn.com/recipe/20170621/68989_w120h120c1cxb700cyb700.webp"
"293","saucisson à l'ail","https://assets.afcdn.com/recipe/20210114/117253_w120h120c1cx707cy707cxb1414cyb1414.webp"
"294","saucisse de Toulouse","https://assets.afcdn.com/recipe/20170621/69167_w120h120c1cxb700cyb700.webp"
"295","poitrine de porc","https://assets.afcdn.com/recipe/20170621/69134_w120h120c1cxb700cyb700.webp"
"296","confit de canard","https://assets.afcdn.com/recipe/20170623/69232_w120h120c1cxb5184cyb3456.webp"
"297","chapelure","https://assets.afcdn.com/recipe/20170607/67436_w120h120c1cx350cy350.webp"
"298","romarin","https://assets.afcdn.com/recipe/20170607/67467_w120h120c1cx350cy350.webp"
"299","vinaigre de xérès","https://assets.afcdn.com/recipe/20100101/ingredient_default_w120h120c1.webp"
"300","souris d'agneau","https://assets.afcdn.com/recipe/20100101/ingredient_default_w120h120c1.webp"
"301","brique","https://assets.afcdn.com/recipe/20100101/ingredient_default_w120h120c1.webp"
"302","rôti de veau","https://assets.afcdn.com/recipe/20170621/69156_w120h120c1cxb700cyb700.webp"
"303","lait de coco","https://assets.afcdn.com/recipe/20170607/67711_w120h120c1cx350cy350.webp"
"304","noix de cajou","https://assets.afcdn.com/recipe/20170621/68976_w120h120c1cxb700cyb700.webp"
"305","bourgogne","https://assets.afcdn.com/recipe/20171227/76278_w120h120c1cx2083cy2083cxb4167cyb4167.webp"
"306","gigot d'agneau","https://assets.afcdn.com/recipe/20170626/69253_w120h120c1cxb700cyb700.webp"
"307","couenne","https://assets.afcdn.com/recipe/20100101/ingredient_default_w120h120c1.webp"
"308","cuisse de dinde","https://assets.afcdn.com/recipe/20170621/69018_w120h120c1cxb700cyb700.webp"
"309","côte d'agneau","https://assets.afcdn.com/recipe/20171206/75866_w120h120c1cx2808cy1872cxb5616cyb3744.webp"
"310","truite","https://assets.afcdn.com/recipe/20170607/67556_w120h120c1cx350cy350.webp"
"311","fromage frais","https://assets.afcdn.com/recipe/20170607/67486_w120h120c1cx350cy350.webp"
"312","fromage ail et fines herbes","https://assets.afcdn.com/recipe/20170621/68943_w120h120c1cxb700cyb700.webp"
"313","oeuf de truite","https://assets.afcdn.com/recipe/20210125/117611_w120h120c1cx956cy784cxb1913cyb1568.webp"
"314","compote","https://assets.afcdn.com/recipe/20170607/67766_w120h120c1cx350cy350.webp"
"315","extrait de vanille liquide","https://assets.afcdn.com/recipe/20170621/68935_w120h120c1cxb700cyb700.webp"
"316","Noix concassé","https://assets.afcdn.com/recipe/20100101/ingredient_default_w120h120c1.webp"
"317","boudin noir","https://assets.afcdn.com/recipe/20170607/67591_w120h120c1cx350cy350.webp"
"318","fenouil","https://assets.afcdn.com/recipe/20170607/67476_w120h120c1cx350cy350.webp"
"319","origan","https://assets.afcdn.com/recipe/20170607/67405_w120h120c1cx350cy350.webp"
"320","tabasco","https://assets.afcdn.com/recipe/20170607/67548_w120h120c1cx350cy350.webp"
"321","olives","https://assets.afcdn.com/recipe/20170607/67550_w120h120c1cx350cy350.webp"
"322","roquefort","https://assets.afcdn.com/recipe/20170607/67558_w120h120c1cx350cy350.webp"
"323","lentilles vertes","https://assets.afcdn.com/recipe/20170607/67559_w120h120c1cx350cy350.webp"
"324","Vache qui rit®","https://assets.afcdn.com/recipe/20170619/68882_w120h120c1cxb700cyb700.webp"
"325","haché de veau","https://assets.afcdn.com/recipe/20190312/89325_w120h120c1cx3850cy3850cxb7700cyb7700.webp"
"326","rôti de porc","https://assets.afcdn.com/recipe/20190110/85795_w120h120c1cx150cy150cxb300cyb300.webp"
"327","crevettes","https://assets.afcdn.com/recipe/20230906/145187_w120h120c1cx250cy250cxb500cyb500.webp"
"328","huile de tournesol","https://assets.afcdn.com/recipe/20170621/69067_w120h120c1cxb700cyb700.webp"
"329","fruit confit","https://assets.afcdn.com/recipe/20170621/69048_w120h120c1cxb700cyb700.webp"
"330","cointreau","https://assets.afcdn.com/recipe/20100101/ingredient_default_w120h120c1.webp"
"331","comté","https://assets.afcdn.com/recipe/20170607/67555_w120h120c1cx350cy350.webp"
"332","blette","https://assets.afcdn.com/recipe/20170607/67534_w120h120c1cx350cy350.webp"
"333","moules","https://assets.afcdn.com/recipe/20170607/67458_w120h120c1cx350cy350.webp"
"334","beurre demi-sel","https://assets.afcdn.com/recipe/20201201/115999_w120h120c1cx912cy821cxb1824cyb1643.webp"
"335","abricot","https://assets.afcdn.com/recipe/20170607/67622_w120h120c1cx256cy192cxb700cyb700.webp"
"336","beaufort","https://assets.afcdn.com/recipe/20100101/ingredient_default_w120h120c1.webp"
"337","tomme","https://assets.afcdn.com/recipe/20170607/67596_w120h120c1cx350cy350.webp"
"338","kirsch","https://assets.afcdn.com/recipe/20170607/67726_w120h120c1cx350cy350.webp"
"339","pain de campagne","https://assets.afcdn.com/recipe/20170607/67564_w120h120c1cx350cy350.webp"
"340","chou-fleur","https://assets.afcdn.com/recipe/20170607/67526_w120h120c1cx350cy350.webp"
"341","Confiture de framboise","https://assets.afcdn.com/recipe/20200708/112544_w120h120c1cx362cy241cxb724cyb483.webp"
"342","farine à gâteaux","https://assets.afcdn.com/recipe/20100101/ingredient_default_w120h120c1.webp"
"343","nutella","https://assets.afcdn.com/recipe/20170607/67520_w120h120c1cx350cy350.webp"
"344","levure de boulanger","https://assets.afcdn.com/recipe/20181226/85093_w120h120c1cx537cy537cxb1074cyb1074.webp"
"345","farine de maïs","https://assets.afcdn.com/recipe/20170621/69039_w120h120c1cxb700cyb700.webp"
"346","citron confit","https://assets.afcdn.com/recipe/20170607/67484_w120h120c1cx350cy350.webp"
"347","boursin","https://assets.afcdn.com/recipe/20170607/67430_w120h120c1cx350cy350.webp"
"348","gelée","https://assets.afcdn.com/recipe/20100101/ingredient_default_w120h120c1.webp"
"349","pâte d'amande","https://assets.afcdn.com/recipe/20170621/69116_w120h120c1cxb700cyb700.webp"
"350","copeaux de chocolat blanc","https://assets.afcdn.com/recipe/20170622/69208_w120h120c1cxb700cyb700.webp"
"351","coulis de framboise","https://assets.afcdn.com/recipe/20180823/81862_w120h120c1cx1672cy1242cxb3345cyb2484.webp"
"352","coulis de fruits de la passion","https://assets.afcdn.com/recipe/20180823/81861_w120h120c1cx1664cy1409cxb3329cyb2819.webp"
"353","gambas","https://assets.afcdn.com/recipe/20170607/67628_w120h120c1cx350cy350.webp"
"354","sauté de porc","https://assets.afcdn.com/recipe/20210114/117256_w120h120c1cx763cy744cxb1526cyb1488.webp"
"355","chèvre","https://assets.afcdn.com/recipe/20170607/67397_w120h120c1cx350cy350.webp"
"356","tomates confites à l’huile","https://assets.afcdn.com/recipe/20210125/117602_w120h120c1cx295cy295cxb591cyb591.webp"
"357","cidre","https://assets.afcdn.com/recipe/20170607/67600_w120h120c1cx350cy350.webp"
"358","marsala","https://assets.afcdn.com/recipe/20100101/ingredient_default_w120h120c1.webp"
"359","porc","https://assets.afcdn.com/recipe/20170607/67426_w120h120c1cx350cy350.webp"
"360","steak","https://assets.afcdn.com/recipe/20170621/69170_w120h120c1cxb700cyb700.webp"
"361","sauce provençale","https://assets.afcdn.com/recipe/20170621/69164_w120h120c1cxb700cyb700.webp"
"362","sablés","https://assets.afcdn.com/recipe/20170607/67568_w120h120c1cx350cy350.webp"
"363","piment de Cayenne","https://assets.afcdn.com/recipe/20170621/69124_w120h120c1cxb700cyb700.webp"
"364","macaron","https://assets.afcdn.com/recipe/20170621/69089_w120h120c1cxb700cyb700.webp"
"365","sumac","https://assets.afcdn.com/recipe/20180202/77324_w120h120c1cx1800cy1800cxb3600cyb3600.webp"
"366","oignon blanc","https://assets.afcdn.com/recipe/20170607/67525_w120h120c1cx350cy350.webp"
"367","échine de porc","https://assets.afcdn.com/recipe/20170621/69027_w120h120c1cxb700cyb700.webp"
"368","fond de volaille","https://assets.afcdn.com/recipe/20170607/67599_w120h120c1cx350cy350.webp"
"369","prune","https://assets.afcdn.com/recipe/20170607/67640_w120h120c1cx350cy350.webp"
"370","riz rond","https://assets.afcdn.com/recipe/20170607/67482_w120h120c1cx350cy350.webp"
"371","épices pour tajine","https://assets.afcdn.com/recipe/20210302/118285_w120h120c1cx241cy241cxb482cyb482.webp"
"372","mayonnaise","https://assets.afcdn.com/recipe/20170607/67759_w120h120c1cx350cy350.webp"
"373","kiwi","https://assets.afcdn.com/recipe/20170607/67631_w120h120c1cx350cy350.webp"
"374","lotte","https://assets.afcdn.com/recipe/20170607/67413_w120h120c1cx350cy350.webp"
"375","pâte de curry","https://assets.afcdn.com/recipe/20170621/69118_w120h120c1cxb700cyb700.webp"
"376","muscade rapée","https://assets.afcdn.com/recipe/20210119/117435_w120h120c1cx866cy866cxb1732cyb1732.webp"
"377","lait entier","https://assets.afcdn.com/recipe/20171229/76423_w120h120c1cx1668cy1974cxb3336cyb3948.webp"
"378","vinaigre","https://assets.afcdn.com/recipe/20170607/67452_w120h120c1cx350cy350.webp"
"379","cornichons","https://assets.afcdn.com/recipe/20170607/67340_w120h120c1cx350cy350.webp"
"380","liqueur","https://assets.afcdn.com/recipe/20170607/67446_w120h120c1cx350cy350.webp"
"381","raviole","https://assets.afcdn.com/recipe/20170621/69145_w120h120c1cxb700cyb700.webp"
"382","saucisse de morteau","https://assets.afcdn.com/recipe/20170621/69094_w120h120c1cxb700cyb700.webp"
"383","graisse d'oie","https://assets.afcdn.com/recipe/20171228/76348_w120h120c1cx2500cy2500cxb5000cyb5000.webp"
"384","champignon de Paris","https://assets.afcdn.com/recipe/20170621/68980_w120h120c1cxb700cyb700.webp"
"385","râble de lapin","https://assets.afcdn.com/recipe/20100101/ingredient_default_w120h120c1.webp"
"386","girolles","https://assets.afcdn.com/recipe/20170607/67433_w120h120c1cx350cy350.webp"
"387","caramel","https://assets.afcdn.com/recipe/20170607/67346_w120h120c1cx350cy549cxb700cyb1014.webp"
"388","huile de friture","https://assets.afcdn.com/recipe/20171110/74692_w120h120c1cx2064cy3156cxb4128cyb6312.webp"
"389","brick","https://assets.afcdn.com/recipe/20171227/76280_w120h120c1cx2808cy1872cxb5616cyb3744.webp"
"390","cresson","https://assets.afcdn.com/recipe/20170607/67704_w120h120c1cx350cy350.webp"
"391","gouda","https://assets.afcdn.com/recipe/20170607/67762_w120h120c1cx350cy350.webp"
"392","bacon","https://assets.afcdn.com/recipe/20170607/67592_w120h120c1cx350cy350.webp"
"393","tomate séchée","https://assets.afcdn.com/recipe/20170607/67524_w120h120c1cx350cy350.webp"
"394","pesto","https://assets.afcdn.com/recipe/20170607/67513_w120h120c1cx350cy350.webp"
"395","jambon cru","https://assets.afcdn.com/recipe/20170607/67670_w120h120c1cx350cy350.webp"
"396","graine de fenouil","https://assets.afcdn.com/recipe/20170621/69061_w120h120c1cxb700cyb700.webp"
"397","coquillettes","https://assets.afcdn.com/recipe/20170607/67679_w120h120c1cx350cy350.webp"
"398","brocoli","https://assets.afcdn.com/recipe/20170607/67718_w120h120c1cx1250cy1250.webp"
"399","tagliatelles fraîches","https://assets.afcdn.com/recipe/20170621/69174_w120h120c1cxb700cyb700.webp"
"400","poivre vert","https://assets.afcdn.com/recipe/20170607/67475_w120h120c1cx350cy350.webp"
"401","Magret de Canard","https://assets.afcdn.com/recipe/20170607/67400_w120h120c1cx350cy350.webp"
"402","vin","https://assets.afcdn.com/recipe/20170607/67385_w120h120c1cx350cy350.webp"
"403","oignon rouge","https://assets.afcdn.com/recipe/20170607/67488_w120h120c1cx350cy350.webp"
"404","morue","https://assets.afcdn.com/recipe/20170607/67443_w120h120c1cx350cy350.webp"
"405","melon","https://assets.afcdn.com/recipe/20170607/67562_w120h120c1cx350cy350.webp"
"406","salade","https://assets.afcdn.com/recipe/20170607/67567_w120h120c1cx350cy350.webp"
"407","feta","https://assets.afcdn.com/recipe/20170607/67752_w120h120c1cx350cy350.webp"
"408","calamar","https://assets.afcdn.com/recipe/20170607/67461_w120h120c1cx350cy350.webp"
"409","chapon","https://assets.afcdn.com/recipe/20170621/68982_w120h120c1cxb700cyb700.webp"
"410","morilles","https://assets.afcdn.com/recipe/20170607/67705_w120h120c1cx350cy350.webp"
"411","marrons","https://assets.afcdn.com/recipe/20170607/67760_w120h120c1cx350cy350.webp"
"412","huile de noisette","https://assets.afcdn.com/recipe/20171229/76389_w120h120c1cx2456cy1632cxb4912cyb3264.webp"
"413","lentilles","https://assets.afcdn.com/recipe/20170607/67625_w120h120c1cx2131cy1418cxb4272cyb2848.webp"
"414","ananas","https://assets.afcdn.com/recipe/20170607/67503_w120h120c1cx350cy350.webp"
"415","sauce tomate","https://assets.afcdn.com/recipe/20170607/67663_w120h120c1cx350cy350.webp"
"416","spaghetti","https://assets.afcdn.com/recipe/20170607/67671_w120h120c1cx350cy350.webp"
"417","champignon frais","https://assets.afcdn.com/recipe/20170607/67358_w120h120c1cx350cy350.webp"
"418","baies roses","https://assets.afcdn.com/recipe/20170621/68959_w120h120c1cxb700cyb700.webp"
"419","langue","https://assets.afcdn.com/recipe/20170621/69084_w120h120c1cxb700cyb700.webp"
"420","os à moelle","https://assets.afcdn.com/recipe/20170621/69108_w120h120c1cxb700cyb700.webp"
"421","champagne","https://assets.afcdn.com/recipe/20170607/67569_w120h120c1cx350cy350.webp"
"422","chocolat en poudre","https://assets.afcdn.com/recipe/20170607/67367_w120h120c1cx350cy350.webp"
"423","chocolat au lait","https://assets.afcdn.com/recipe/20190103/85369_w120h120c1cx1200cy1200cxb2400cyb2400.webp"
"424","cardamome","https://assets.afcdn.com/recipe/20170607/67381_w120h120c1cx1980cy1256.webp"
"425","pintade","https://assets.afcdn.com/recipe/20170607/67746_w120h120c1cx350cy350.webp"
"426","datte","https://assets.afcdn.com/recipe/20170607/67730_w120h120c1cx350cy350.webp"
"427","semoule","https://assets.afcdn.com/recipe/20170607/67439_w120h120c1cx350cy350.webp"
"428","anis étoilé","https://assets.afcdn.com/recipe/20170621/68953_w120h120c1cxb700cyb700.webp"
"429","pâte à tartiner","https://assets.afcdn.com/recipe/20170607/67339_w120h120c1cx350cy350.webp"
"430","épinards","https://assets.afcdn.com/recipe/20170607/67594_w120h120c1cx350cy350.webp"
"431","poudre à lever","https://assets.afcdn.com/recipe/20170621/69137_w120h120c1cxb700cyb700.webp"
"432","vermicelles","https://assets.afcdn.com/recipe/20170607/67336_w120h120c1cx350cy350.webp"
"433","aromate","https://assets.afcdn.com/recipe/20100101/ingredient_default_w120h120c1.webp"
"434","fleur de sel","https://assets.afcdn.com/recipe/20170621/69045_w120h120c1cxb700cyb700.webp"
"435","fruits","https://assets.afcdn.com/recipe/20180123/77002_w120h120c1cx2800cy2800cxb5600cyb5600.webp"
"436","sirop","https://assets.afcdn.com/recipe/20170607/67386_w120h120c1cx350cy350.webp"
"437","Volaille","https://assets.afcdn.com/recipe/20210118/117328_w120h120c1cx866cy866cxb1732cyb1732.webp"
"438","coquille saint-jacques","https://assets.afcdn.com/recipe/20170607/67462_w120h120c1cx350cy350.webp"
"439","coppa","https://assets.afcdn.com/recipe/20170621/69004_w120h120c1cxb700cyb700.webp"
"440","kub or","https://assets.afcdn.com/recipe/20230303/140909_w120h120c1cx270cy270cxb540cyb540.webp"
"441","champignon noir","https://assets.afcdn.com/recipe/20170607/67602_w120h120c1cx350cy350.webp"
"442","germes de soja","https://assets.afcdn.com/recipe/20170607/67678_w120h120c1cx350cy350.webp"
"443","nouilles chinoises","https://assets.afcdn.com/recipe/20170607/67767_w120h120c1cx350cy350.webp"
"444","croûtons","https://assets.afcdn.com/recipe/20170607/67721_w120h120c1cx350cy350.webp"
"445","concombre","https://assets.afcdn.com/recipe/20170607/67693_w120h120c1cx350cy350.webp"
"446","côte de porc","https://assets.afcdn.com/recipe/20170621/69011_w120h120c1cxb700cyb700.webp"
"447","Fines herbes","https://assets.afcdn.com/recipe/20170607/67590_w120h120c1cx350cy350.webp"
"448","eau de fleur d'oranger","https://assets.afcdn.com/recipe/20170621/69026_w120h120c1cxb700cyb700.webp"
"449","lait écrémé","https://assets.afcdn.com/recipe/20170621/68928_w120h120c1cxb700cyb700.webp"
"450","lait concentré sucré","https://assets.afcdn.com/recipe/20170607/67661_w120h120c1cx350cy350.webp"
"451","rôti de boeuf","https://assets.afcdn.com/recipe/20180213/77542_w120h120c1cx2350cy2350cxb4700cyb4700.webp"
"452","huile de noix","https://assets.afcdn.com/recipe/20170607/67537_w120h120c1cx350cy350.webp"
"453","bar","https://assets.afcdn.com/recipe/20100101/ingredient_default_w120h120c1.webp"
"454","double concentré de tomates","https://assets.afcdn.com/recipe/20170621/69000_w120h120c1cxb700cyb700.webp"
"455","mélange 5 épices","https://assets.afcdn.com/recipe/20170621/69053_w120h120c1cxb700cyb700.webp"
"456","coulis","https://assets.afcdn.com/recipe/20100101/ingredient_default_w120h120c1.webp"
"457","tomate séchée à l'huile d'olive","https://assets.afcdn.com/recipe/20170621/69166_w120h120c1cxb700cyb700.webp"
"458","massalé","https://assets.afcdn.com/recipe/20100101/ingredient_default_w120h120c1.webp"
"459","chèvre frais","https://assets.afcdn.com/recipe/20170607/67702_w120h120c1cx350cy350.webp"
"460","tapenade verte","https://assets.afcdn.com/recipe/20180202/77318_w120h120c1cx2750cy2750cxb5500cyb5500.webp"
"461","fond","https://assets.afcdn.com/recipe/20100101/ingredient_default_w120h120c1.webp"
"462","boulgour","https://assets.afcdn.com/recipe/20170607/67502_w120h120c1cx350cy350.webp"
"463","lentilles corail","https://assets.afcdn.com/recipe/20170607/67480_w120h120c1cx350cy350.webp"
"464","Riz, céréales","https://assets.afcdn.com/recipe/20210114/117220_w120h120c1cx1728cy1152cxb3456cyb2304.webp"
"465","whisky","https://assets.afcdn.com/recipe/20170607/67387_w120h120c1cx350cy350.webp"
"466","noix de saint-jacques","https://assets.afcdn.com/recipe/20170621/69157_w120h120c1cxb700cyb700.webp"
"467","Gervita","https://assets.afcdn.com/recipe/20100101/ingredient_default_w120h120c1.webp"
"468","confiture de fruits rouges","https://assets.afcdn.com/recipe/20210119/117426_w120h120c1cx1175cy1175cxb2350cyb2350.webp"
"469","coq","https://assets.afcdn.com/recipe/20100101/ingredient_default_w120h120c1.webp"
"470","Confiture d'orange","https://assets.afcdn.com/recipe/20200708/112540_w120h120c1cx1095cy684cxb2190cyb1369.webp"
"471","groseilles","https://assets.afcdn.com/recipe/20170607/67745_w120h120c1cx350cy350.webp"
"472","radis","https://assets.afcdn.com/recipe/20170607/67696_w120h120c1cx350cy350.webp"
"473","Ras el Hanout","https://assets.afcdn.com/recipe/20170621/69147_w120h120c1cxb700cyb700.webp"
"474","collier d'agneau","https://assets.afcdn.com/recipe/20100101/ingredient_default_w120h120c1.webp"
"475","semoule moyenne","https://assets.afcdn.com/recipe/20170621/69169_w120h120c1cxb700cyb700.webp"
"476","garam masala","https://assets.afcdn.com/recipe/20170621/69051_w120h120c1cxb700cyb700.webp"
"477","piment vert","https://assets.afcdn.com/recipe/20170607/67575_w120h120c1cx350cy350.webp"
"478","eau gazeuse","https://assets.afcdn.com/recipe/20170607/67417_w120h120c1cx350cy350.webp"
"479","limonade","https://assets.afcdn.com/recipe/20170621/69087_w120h120c1cxb700cyb700.webp"
"480","eau","https://assets.afcdn.com/recipe/20170607/67528_w120h120c1cx350cy350.webp"
"481","vermicelles de riz","https://assets.afcdn.com/recipe/20170621/69183_w120h120c1cxb700cyb700.webp"
"482","nuoc mam","https://assets.afcdn.com/recipe/20170607/67673_w120h120c1cx350cy350.webp"
"483","feuille de riz","https://assets.afcdn.com/recipe/20180620/79693_w120h120c1cx2768cy1954cxb5536cyb3908.webp"
"484","orange amère","https://assets.afcdn.com/recipe/20100101/ingredient_default_w120h120c1.webp"
"485","carambar©","https://assets.afcdn.com/recipe/20100101/ingredient_default_w120h120c1.webp"
"486","glace vanille","https://assets.afcdn.com/recipe/20170607/67775_w120h120c1cx350cy350.webp"
"487","armagnac","https://assets.afcdn.com/recipe/20170607/67614_w120h120c1cx350cy350.webp"
"488","escalope de dinde","https://assets.afcdn.com/recipe/20170607/67495_w120h120c1cx350cy350.webp"
"489","escalope de veau","https://assets.afcdn.com/recipe/20211019/122861_w120h120c1cx411cy411cxb822cyb822.webp"
"490","roquette","https://assets.afcdn.com/recipe/20170607/67399_w120h120c1cx350cy350.webp"
"491","courge spaghetti","https://assets.afcdn.com/recipe/20170621/69013_w120h120c1cxb700cyb700.webp"
"492","penne","https://assets.afcdn.com/recipe/20170607/67468_w120h120c1cx350cy350.webp"
"493","biscotte","https://assets.afcdn.com/recipe/20170607/67512_w120h120c1cx350cy350.webp"
"494","veau","https://assets.afcdn.com/recipe/20170607/67582_w120h120c1cx350cy350.webp"
"495","toastinette","https://assets.afcdn.com/recipe/20210122/117531_w120h120c1cx295cy295cxb591cyb591.webp"
"496","pépites de chocolat","https://assets.afcdn.com/recipe/20190502/91748_w120h120c1cx1200cy1200cxb2400cyb2400.webp"
"497","dos de cabillaud","https://assets.afcdn.com/recipe/20210224/118166_w120h120c1cx363cy441cxb726cyb883.webp"
"498","ricotta","https://assets.afcdn.com/recipe/20170607/67574_w120h120c1cx350cy350.webp"
"499","mouton","https://assets.afcdn.com/recipe/20170607/67710_w120h120c1cx350cy350.webp"
"500","poivre de Cayenne","https://assets.afcdn.com/recipe/20210119/117436_w120h120c1cx1556cy1556cxb3112cyb3112.webp"
"501","coriandre en grains","https://assets.afcdn.com/recipe/20170621/69005_w120h120c1cxb700cyb700.webp"
"502","riz basmati","https://assets.afcdn.com/recipe/20170607/67540_w120h120c1cx350cy350.webp"
"503","macreuse","https://assets.afcdn.com/recipe/20100101/ingredient_default_w120h120c1.webp"
"504","paupiette","https://assets.afcdn.com/recipe/20170607/67455_w120h120c1cx350cy350.webp"
"505","huile d'arachide","https://assets.afcdn.com/recipe/20171229/76394_w120h120c1cx2900cy2900cxb5800cyb5800.webp"
"506","queue","https://assets.afcdn.com/recipe/20100101/ingredient_default_w120h120c1.webp"
"507","mont d'or","https://assets.afcdn.com/recipe/20171229/76410_w120h120c1cx2500cy1681cxb5000cyb3362.webp"
"508","beurre allégé","https://assets.afcdn.com/recipe/20170621/68917_w120h120c1cxb300cyb300.webp"
"509","tendron de veau","https://assets.afcdn.com/recipe/20100101/ingredient_default_w120h120c1.webp"
"510","haricots verts","https://assets.afcdn.com/recipe/20170607/67522_w120h120c1cx2082cy1504.webp"
"511","genièvre","https://assets.afcdn.com/recipe/20170607/67357_w120h120c1cx350cy350.webp"
"512","papier sulfurisé","https://assets.afcdn.com/recipe/20180213/77536_w120h120c1cx3000cy3000cxb6000cyb6000.webp"
"513","Xérès","https://assets.afcdn.com/recipe/20100101/ingredient_default_w120h120c1.webp"
"514","mirabelle","https://assets.afcdn.com/recipe/20170607/67579_w120h120c1cx350cy350.webp"
"515","pâtes","https://assets.afcdn.com/recipe/20170607/67341_w120h120c1cx350cy350.webp"
"516","farine de châtaigne","https://assets.afcdn.com/recipe/20171228/76333_w120h120c1cx2880cy1920cxb5760cyb3840.webp"
"517","fruits rouges","https://assets.afcdn.com/recipe/20170607/67521_w120h120c1cx350cy350.webp"
"518","mimolette","https://assets.afcdn.com/recipe/20170607/67390_w120h120c1cx350cy350.webp"
"519","jus de banane","https://assets.afcdn.com/recipe/20170622/69210_w120h120c1cxb700cyb700.webp"
"520","goyave","https://assets.afcdn.com/recipe/20170621/69059_w120h120c1cxb700cyb700.webp"
"521","jus d'ananas","https://assets.afcdn.com/recipe/20170621/69082_w120h120c1cxb700cyb700.webp"
"522","langoustine","https://assets.afcdn.com/recipe/20170607/67584_w120h120c1cx350cy350.webp"
"523","pastis","https://assets.afcdn.com/recipe/20100101/ingredient_default_w120h120c1.webp"
"524","poivre en grains","https://assets.afcdn.com/recipe/20170621/69068_w120h120c1cxb700cyb700.webp"
"525","mangue","https://assets.afcdn.com/recipe/20170607/67380_w120h120c1cx350cy350.webp"
"526","fleur d'oranger","https://assets.afcdn.com/recipe/20170621/69044_w120h120c1cxb700cyb700.webp"
"527","gingembre confit","https://assets.afcdn.com/recipe/20170621/69056_w120h120c1cxb700cyb700.webp"
"528","petit suisse","https://assets.afcdn.com/recipe/20170607/67449_w120h120c1cx350cy350.webp"
"529","étoile de badiane","https://assets.afcdn.com/recipe/20170607/67561_w120h120c1cx350cy350.webp"
"530","cuisse de lapin","https://assets.afcdn.com/recipe/20170621/69020_w120h120c1cxb700cyb700.webp"
"531","muscadet","https://assets.afcdn.com/recipe/20100101/ingredient_default_w120h120c1.webp"
"532","chou blanc","https://assets.afcdn.com/recipe/20210125/117603_w120h120c1cx295cy295cxb591cyb591.webp"
"533","crozet","https://assets.afcdn.com/recipe/20170621/69016_w120h120c1cxb700cyb700.webp"
"534","câpres","https://assets.afcdn.com/recipe/20170607/67470_w120h120c1cx350cy350.webp"
"535","crêpe","https://assets.afcdn.com/recipe/20170607/67366_w120h120c1cx350cy350.webp"
"536","crabe","https://assets.afcdn.com/recipe/20170607/67697_w120h120c1cx350cy350.webp"
"537","crème semi-épaisse","https://assets.afcdn.com/recipe/20170607/67549_w120h120c1cx350cy350.webp"
"538","mélange d'épices 5 parfums","https://assets.afcdn.com/recipe/20100101/ingredient_default_w120h120c1.webp"
"539","soja","https://assets.afcdn.com/recipe/20170607/67375_w120h120c1cx350cy350.webp"
"540","oignon nouveau","https://assets.afcdn.com/recipe/20170607/67418_w120h120c1cx350cy350.webp"
"541","betterave","https://assets.afcdn.com/recipe/20170607/67490_w120h120c1cx350cy350.webp"
"542","châtaignes","https://assets.afcdn.com/recipe/20170607/67478_w120h120c1cx350cy350.webp"
"543","sauce worcestershire","https://assets.afcdn.com/recipe/20100101/ingredient_default_w120h120c1.webp"
"544","ketchup","https://assets.afcdn.com/recipe/20170712/70361_w120h120c1cxb700cyb700.webp"
"545","oeuf de lump","https://assets.afcdn.com/recipe/20170621/69105_w120h120c1cxb700cyb700.webp"
"546","pavot","https://assets.afcdn.com/recipe/20170607/67349_w120h120c1cx350cy350.webp"
"547","haricot","https://assets.afcdn.com/recipe/20210120/117459_w120h120c1cx866cy866cxb1732cyb1732.webp"
"548","côte de boeuf","https://assets.afcdn.com/recipe/20210120/117499_w120h120c1cx295cy295cxb591cyb591.webp"
"549","sirop d'érable","https://assets.afcdn.com/recipe/20170607/67415_w120h120c1cx350cy350.webp"
"550","crème pâtissière","https://assets.afcdn.com/recipe/20210225/118185_w120h120c1cx294cy296cxb589cyb593.webp"
"551","vinaigre de vin","https://assets.afcdn.com/recipe/20170607/67359_w120h120c1cx350cy350.webp"
"552","chou chinois","https://assets.afcdn.com/recipe/20170607/67409_w120h120c1cx350cy350.webp"
"553","bette à carde","https://assets.afcdn.com/recipe/20170623/69223_w120h120c1cxb700cyb700.webp"
"554","vin rosé","https://assets.afcdn.com/recipe/20170607/67768_w120h120c1cx350cy350.webp"
"555","anchois","https://assets.afcdn.com/recipe/20170607/67541_w120h120c1cx350cy350.webp"
"556","câpres au vinaigre","https://assets.afcdn.com/recipe/20100101/ingredient_default_w120h120c1.webp"
"557","papillons","https://assets.afcdn.com/recipe/20180116/76822_w120h120c1cx4128cy3096cxb8256cyb6192.webp"
"558","Jambon de Parme","https://assets.afcdn.com/recipe/20200512/111014_w120h120c1cx1609cy1597cxb3219cyb3195.webp"
"559","rognons","https://assets.afcdn.com/recipe/20210114/117234_w120h120c1cx866cy866cxb1732cyb1732.webp"
"560","madère","https://assets.afcdn.com/recipe/20100101/ingredient_default_w120h120c1.webp"
"561","zeste d'orange","https://assets.afcdn.com/recipe/20100101/ingredient_default_w120h120c1.webp"
"562","noix de pécan","https://assets.afcdn.com/recipe/20170621/69101_w120h120c1cxb700cyb700.webp"
"563","pain pour hamburger","https://assets.afcdn.com/recipe/20180116/76794_w120h120c1cx2350cy2350cxb4700cyb4700.webp"
"564","cheddar","https://assets.afcdn.com/recipe/20170607/67544_w120h120c1cx350cy350.webp"
"565","Fleur de Maïs Maïzena®","https://assets.afcdn.com/recipe/20190108/85666_w120h120c1cx128cy128cxb256cyb256.webp"
"566","oseille","https://assets.afcdn.com/recipe/20170607/67619_w120h120c1cx350cy350.webp"
"567","piment d'Espelette","https://assets.afcdn.com/recipe/20170621/69123_w120h120c1cxb700cyb700.webp"
"568","sauce d'huître","https://assets.afcdn.com/recipe/20210118/117334_w120h120c1cx1060cy707cxb2121cyb1414.webp"
"569","sarriette","https://assets.afcdn.com/recipe/20210114/117247_w120h120c1cx1168cy1168cxb2336cyb2336.webp"
"570","tortilla","https://assets.afcdn.com/recipe/20230329/141685_w120h120c1cx900cy900cxb1800cyb1800.webp"
"571","fumet","https://assets.afcdn.com/recipe/20170607/67378_w120h120c1cx350cy350.webp"
"572","poule","https://assets.afcdn.com/recipe/20170621/69138_w120h120c1cxb700cyb700.webp"
"573","saindoux","https://assets.afcdn.com/recipe/20100101/ingredient_default_w120h120c1.webp"
"574","marjolaine","https://assets.afcdn.com/recipe/20170607/67653_w120h120c1cx350cy350.webp"
"575","brioche","https://assets.afcdn.com/recipe/20230329/141690_w120h120c1cx900cy900cxb1800cyb1800.webp"
"576","mélange 5 baies","https://assets.afcdn.com/recipe/20210119/117401_w120h120c1cx866cy866cxb1732cyb1732.webp"
"577","fajitas","https://assets.afcdn.com/recipe/20180202/77341_w120h120c1cx2815cy1879cxb5630cyb3758.webp"
"578","ratte","https://assets.afcdn.com/recipe/20180131/77260_w120h120c1cx2450cy2450cxb4900cyb4900.webp"
"579","dinde","https://assets.afcdn.com/recipe/20170607/67734_w120h120c1cx350cy350.webp"
"580","beurre de cacahuètes","https://assets.afcdn.com/recipe/20170621/68922_w120h120c1cxb700cyb700.webp"
"581","cabillaud","https://assets.afcdn.com/recipe/20170607/67384_w120h120c1cx350cy350.webp"
"582","cookie","https://assets.afcdn.com/recipe/20170607/67347_w120h120c1cx350cy350.webp"
"583","réglisse","https://assets.afcdn.com/recipe/20170621/69148_w120h120c1cxb700cyb700.webp"
"584","bordeaux","https://assets.afcdn.com/recipe/20171227/76283_w120h120c1cx2083cy2083cxb4167cyb4167.webp"
"585","ail semoule","https://assets.afcdn.com/recipe/20170607/67618_w120h120c1cx350cy350.webp"
"586","épaule","https://assets.afcdn.com/recipe/20210225/118188_w120h120c1cx647cy649cxb1294cyb1298.webp"
"587","gîte","https://assets.afcdn.com/recipe/20210302/118286_w120h120c1cx150cy150cxb300cyb300.webp"
"588","figue","https://assets.afcdn.com/recipe/20170607/67641_w120h120c1cx350cy350.webp"
"589","lait fermenté","https://assets.afcdn.com/recipe/20171229/76429_w120h120c1cx2000cy2000cxb4000cyb4000.webp"
"590","tandoori","https://assets.afcdn.com/recipe/20210118/117366_w120h120c1cx866cy866cxb1732cyb1732.webp"
"591","vieille","https://assets.afcdn.com/recipe/20100101/ingredient_default_w120h120c1.webp"
"592","saucisson sec","https://assets.afcdn.com/recipe/20210114/117254_w120h120c1cx866cy866cxb1732cyb1732.webp"
"593","chocolat blanc","https://assets.afcdn.com/recipe/20181227/85158_w120h120c1cx1200cy1200cxb2400cyb2400.webp"
"594","colin","https://assets.afcdn.com/recipe/20230102/139041_w120h120c1cx411cy411cxb822cyb822.webp"
"595","escalope","https://assets.afcdn.com/recipe/20210112/117129_w120h120c1cx350cy350cxb700cyb700.webp"
"596","corn flakes","https://assets.afcdn.com/recipe/20170621/69007_w120h120c1cxb700cyb700.webp"
"597","coude","https://assets.afcdn.com/recipe/20171227/76302_w120h120c1cx2000cy1500cxb4000cyb3000.webp"
"598","petit salé","https://assets.afcdn.com/recipe/20100101/ingredient_default_w120h120c1.webp"
"599","saucisse de Montbéliard","https://assets.afcdn.com/recipe/20100101/ingredient_default_w120h120c1.webp"
"600","fruits secs","https://assets.afcdn.com/recipe/20170621/69049_w120h120c1cxb700cyb700.webp"
"601","camembert","https://assets.afcdn.com/recipe/20170607/67633_w120h120c1cx350cy350.webp"
"602","sauce piquante","https://assets.afcdn.com/recipe/20210118/117352_w120h120c1cx707cy707cxb1415cyb1415.webp"
"603","fécule","https://assets.afcdn.com/recipe/20171228/76335_w120h120c1cx2122cy1414cxb4245cyb2829.webp"
"604","feuilles de coriandre","https://assets.afcdn.com/recipe/20170621/69006_w120h120c1cxb700cyb700.webp"
"605","cèpes","https://assets.afcdn.com/recipe/20170607/67753_w120h120c1cx350cy350.webp"
"606","laitue","https://assets.afcdn.com/recipe/20171229/76431_w120h120c1cx1800cy1750cxb3600cyb3500.webp"
"607","chou de bruxelles","https://assets.afcdn.com/recipe/20170621/68986_w120h120c1cxb700cyb700.webp"
"608","saumon frais","https://assets.afcdn.com/recipe/20170607/67773_w120h120c1cx350cy350.webp"
"609","copeaux de chocolat","https://assets.afcdn.com/recipe/20190103/85313_w120h120c1cx1750cy1750cxb3500cyb3500.webp"
"610","arôme vanille","https://assets.afcdn.com/recipe/20170621/68937_w120h120c1cxb700cyb700.webp"
"611","saucisson","https://assets.afcdn.com/recipe/20170607/67463_w120h120c1cx350cy350.webp"
"612","polenta","https://assets.afcdn.com/recipe/20170607/67371_w120h120c1cx350cy350.webp"
"613","gorgonzola","https://assets.afcdn.com/recipe/20170607/67720_w120h120c1cx350cy350.webp"
"614","fécule de maïs","https://assets.afcdn.com/recipe/20170607/67665_w120h120c1cx350cy350.webp"
"615","canard","https://assets.afcdn.com/recipe/20170607/67450_w120h120c1cx350cy350.webp"
"616","croissant","https://assets.afcdn.com/recipe/20170607/67432_w120h120c1cx350cy350.webp"
"617","moutarde à l'ancienne","https://assets.afcdn.com/recipe/20170621/69097_w120h120c1cxb700cyb700.webp"
"618","Saint Morêt","https://assets.afcdn.com/recipe/20170621/69172_w120h120c1cxb700cyb700.webp"
"619","litchi","https://assets.afcdn.com/recipe/20170607/67620_w120h120c1cx350cy350.webp"
"620","gnocchi","https://assets.afcdn.com/recipe/20170607/67360_w120h120c1cx350cy350.webp"
"621","risotto","https://assets.afcdn.com/recipe/20180131/77269_w120h120c1cx1930cy1145cxb3861cyb2291.webp"
"622","nappage","https://assets.afcdn.com/recipe/20100101/ingredient_default_w120h120c1.webp"
"623","épices à colombo","https://assets.afcdn.com/recipe/20170621/68995_w120h120c1cxb700cyb700.webp"
"624","cantal","https://assets.afcdn.com/recipe/20170607/67517_w120h120c1cx350cy350.webp"
"625","farine de blé noir","https://assets.afcdn.com/recipe/20170621/69038_w120h120c1cxb700cyb700.webp"
"626","tahiné","https://assets.afcdn.com/recipe/20170621/69176_w120h120c1cxb700cyb700.webp"
"627","vinaigre de cidre","https://assets.afcdn.com/recipe/20170621/69187_w120h120c1cxb700cyb700.webp"
"628","blanc de poireau","https://assets.afcdn.com/recipe/20171110/74693_w120h120c1cx1965cy1460cxb3930cyb2921.webp"
"629","baguette","https://assets.afcdn.com/recipe/20170607/67472_w120h120c1cx350cy350.webp"
"630","mûres","https://assets.afcdn.com/recipe/20170607/67576_w120h120c1cx350cy350.webp"
"631","Rosbif","https://assets.afcdn.com/recipe/20180213/77541_w120h120c1cx2350cy2350cxb4700cyb4700.webp"
"632","piment fort","https://assets.afcdn.com/recipe/20170621/69125_w120h120c1cxb700cyb700.webp"
"633","aile de poulet","https://assets.afcdn.com/recipe/20170621/68942_w120h120c1cxb700cyb700.webp"
"634","graines de coriandre","https://assets.afcdn.com/recipe/20170607/67751_w120h120c1cx350cy350.webp"
"635","fromage","https://assets.afcdn.com/recipe/20170607/67453_w120h120c1cx350cy350.webp"
"636","travers de porc","https://assets.afcdn.com/recipe/20170621/69012_w120h120c1cxb700cyb700.webp"
"637","julienne de légumes","https://assets.afcdn.com/recipe/20181226/85088_w120h120c1cx1767cy1767cxb3534cyb3534.webp"
"638","colorant alimentaire","https://assets.afcdn.com/recipe/20170621/68996_w120h120c1cxb700cyb700.webp"
"639","batavia","https://assets.afcdn.com/recipe/20170621/68945_w120h120c1cxb700cyb700.webp"
"640","arachide","https://assets.afcdn.com/recipe/20170623/69218_w120h120c1cxb700cyb700.webp"
"641","glutamate","https://assets.afcdn.com/recipe/20100101/ingredient_default_w120h120c1.webp"
"642","nem","https://assets.afcdn.com/recipe/20210122/117538_w120h120c1cx295cy295cxb591cyb591.webp"
"643","poularde","https://assets.afcdn.com/recipe/20100101/ingredient_default_w120h120c1.webp"
"644","cerfeuil","https://assets.afcdn.com/recipe/20170607/67356_w120h120c1cx350cy350.webp"
"645","cheveux d'ange","https://assets.afcdn.com/recipe/20210120/117475_w120h120c1cx866cy866cxb1732cyb1732.webp"
"646","épinards frais","https://assets.afcdn.com/recipe/20170607/67648_w120h120c1cx350cy350.webp"
